;HERD_MRSA;HERD_TYPE;HERD_SIZE;AM_DRUG;PURCHASE;INDOOR;OTHER_LIVESTOCK;COMPANION;ALL_IN_or_OUT;CLEAN_UP;DISINFECTION;SLATTED;ORGANIC
1;positive;grower.to.finisher;large;yes;yes;yes;no;no;yes;yes;yes;yes;no
2;positive;grower.to.finisher;large;yes;yes;yes;yes;no;yes;yes;yes;yes;no
3;negative;grower.to.finisher;medium;no;yes;yes;no;no;no;yes;yes;yes;no
4;positive;farrow.to.finisher;small;no;no;yes;no;yes;no;no;no;yes;no
5;negative;farrow.to.finisher;medium;no;no;yes;no;yes;no;yes;yes;yes;no
6;positive;farrow.to.finisher;medium;no;no;yes;no;yes;yes;yes;yes;yes;no
7;positive;grower.to.finisher;medium;yes;yes;yes;yes;no;yes;yes;yes;yes;no
8;positive;grower.to.finisher;medium;no;yes;yes;yes;yes;no;yes;yes;yes;no
9;positive;grower.to.finisher;large;yes;yes;yes;no;no;yes;yes;yes;yes;no
10;positive;grower.to.finisher;large;no;yes;yes;no;yes;yes;yes;yes;yes;no
11;positive;grower.to.finisher;large;yes;yes;yes;no;no;yes;yes;yes;yes;no
12;positive;farrow.to.finisher;medium;yes;yes;yes;no;no;yes;yes;yes;yes;no
13;negative;farrow.to.finisher;medium;no;yes;yes;no;no;no;yes;yes;yes;no
14;negative;grower.to.finisher;small;yes;yes;yes;no;no;yes;yes;yes;yes;no
15;negative;farrow.to.finisher;small;no;no;yes;yes;no;no;yes;no;yes;no
16;negative;farrow.to.finisher;small;no;no;yes;no;no;no;no;no;yes;no
17;negative;grower.to.finisher;small;no;yes;yes;no;no;yes;yes;yes;yes;no
18;negative;grower.to.finisher;large;no;yes;yes;yes;no;yes;yes;yes;yes;no
19;positive;grower.to.finisher;medium;yes;yes;yes;yes;no;no;yes;yes;yes;no
20;negative;farrow.to.finisher;medium;no;no;yes;no;no;yes;yes;yes;yes;no
21;positive;farrow.to.finisher;medium;no;yes;yes;no;no;no;yes;yes;yes;no
22;negative;grower.to.finisher;small;no;yes;yes;yes;yes;no;yes;yes;yes;no
23;positive;grower.to.finisher;large;yes;yes;yes;no;no;yes;yes;yes;yes;no
24;positive;grower.to.finisher;small;no;yes;yes;no;yes;yes;yes;yes;yes;no
25;negative;grower.to.finisher;small;no;yes;yes;yes;no;no;yes;yes;yes;no
26;positive;grower.to.finisher;medium;yes;yes;yes;no;no;yes;yes;yes;yes;no
27;negative;grower.to.finisher;medium;yes;yes;yes;no;no;yes;yes;yes;yes;no
28;negative;farrow.to.finisher;small;no;yes;no;no;yes;no;no;no;no;yes
29;negative;farrow.to.finisher;small;no;no;yes;no;yes;no;yes;yes;yes;yes
30;positive;grower.to.finisher;large;yes;yes;yes;yes;yes;yes;yes;yes;yes;no
31;positive;grower.to.finisher;large;yes;yes;yes;no;no;yes;yes;yes;yes;no
32;positive;grower.to.finisher;huge;yes;yes;yes;yes;yes;yes;yes;yes;yes;no
33;positive;farrow.to.finisher;medium;no;no;yes;yes;yes;yes;yes;yes;yes;no
34;negative;grower.to.finisher;medium;yes;yes;yes;yes;no;yes;yes;yes;yes;no
35;positive;farrow.to.finisher;medium;yes;no;yes;no;yes;yes;yes;yes;yes;no
36;positive;grower.to.finisher;medium;yes;yes;yes;yes;yes;yes;yes;yes;yes;no
37;positive;grower.to.finisher;large;yes;yes;yes;yes;no;yes;yes;yes;yes;no
38;positive;grower.to.finisher;large;yes;yes;yes;no;no;yes;yes;yes;yes;no
39;positive;grower.to.finisher;medium;yes;yes;yes;no;yes;yes;yes;yes;yes;no
40;positive;farrow.to.finisher;small;yes;no;yes;yes;yes;yes;yes;no;yes;no
41;positive;grower.to.finisher;large;no;yes;yes;yes;yes;yes;no;no;yes;no
42;positive;grower.to.finisher;large;yes;yes;yes;yes;no;yes;yes;yes;yes;no
43;positive;farrow.to.finisher;large;yes;no;yes;no;no;yes;yes;yes;yes;no
44;negative;farrow.to.finisher;large;no;no;yes;no;yes;yes;yes;yes;yes;no
45;positive;farrow.to.finisher;large;yes;no;yes;no;no;yes;yes;yes;yes;no
46;positive;grower.to.finisher;large;yes;yes;yes;yes;no;yes;yes;no;yes;no
47;positive;grower.to.finisher;small;yes;yes;yes;no;yes;no;no;yes;yes;no
48;positive;grower.to.finisher;medium;yes;yes;yes;no;yes;yes;yes;yes;yes;no
49;negative;grower.to.finisher;medium;no;yes;yes;yes;no;yes;no;yes;no;no
50;negative;farrow.to.finisher;large;no;yes;yes;no;no;yes;yes;no;yes;no
51;negative;grower.to.finisher;large;no;no;yes;no;yes;no;yes;yes;yes;no
52;negative;weaner.to.finisher;small;no;yes;yes;yes;yes;yes;yes;yes;yes;no
53;negative;grower.to.finisher;huge;no;no;yes;no;no;yes;no;no;yes;no
54;negative;grower.to.finisher;large;yes;yes;yes;no;yes;yes;no;yes;yes;no
55;negative;farrow.to.finisher;large;no;yes;yes;yes;yes;no;yes;yes;yes;no
56;negative;grower.to.finisher;small;no;yes;yes;no;yes;yes;yes;yes;no;no
57;negative;farrow.to.finisher;small;no;no;yes;no;yes;yes;yes;yes;yes;no
58;negative;farrow.to.finisher;small;no;yes;yes;no;no;no;yes;yes;no;no
59;negative;farrow.to.finisher;large;no;yes;yes;no;no;no;no;no;yes;no
60;positive;farrow.to.finisher;huge;no;no;yes;no;yes;yes;yes;yes;yes;no
61;positive;farrow.to.finisher;huge;yes;no;yes;no;yes;no;yes;yes;yes;no
62;positive;farrow.to.finisher;huge;no;no;yes;no;yes;yes;yes;yes;yes;no
63;positive;farrow.to.finisher;huge;yes;no;yes;no;yes;yes;yes;yes;yes;no
64;positive;farrow.to.finisher;huge;yes;no;yes;no;yes;no;yes;yes;yes;no
65;positive;farrow.to.finisher;huge;yes;no;yes;no;yes;yes;yes;yes;yes;no
66;positive;farrow.to.finisher;small;yes;no;yes;no;yes;yes;yes;yes;yes;no
67;positive;grower.to.finisher;medium;yes;no;yes;no;yes;yes;yes;yes;yes;no
68;positive;weaner.to.finisher;medium;yes;yes;yes;no;no;yes;yes;yes;yes;no
69;positive;weaner.to.finisher;large;yes;yes;yes;no;yes;yes;yes;yes;yes;no
70;positive;grower.to.finisher;medium;yes;yes;yes;yes;yes;yes;yes;yes;yes;no
71;positive;grower.to.finisher;medium;yes;yes;yes;yes;yes;yes;yes;yes;yes;no
72;positive;farrow.to.finisher;large;yes;yes;yes;no;no;yes;yes;yes;yes;no
73;negative;grower.to.finisher;large;no;yes;yes;no;yes;yes;yes;yes;yes;no
74;negative;grower.to.finisher;medium;yes;yes;yes;no;yes;no;no;no;no;no
75;negative;grower.to.finisher;small;no;yes;yes;no;no;no;no;no;yes;no
76;negative;grower.to.finisher;small;no;no;yes;no;no;no;no;no;no;no
77;negative;grower.to.finisher;medium;no;yes;yes;no;yes;no;no;no;yes;no
78;positive;grower.to.finisher;small;yes;yes;no;yes;no;no;no;no;yes;no
79;negative;grower.to.finisher;small;no;yes;yes;no;no;yes;yes;no;no;no
80;negative;grower.to.finisher;large;yes;yes;yes;yes;no;yes;yes;yes;yes;no
81;positive;farrow.to.finisher;small;no;no;yes;no;yes;yes;yes;yes;yes;no
82;positive;farrow.to.finisher;medium;no;no;yes;no;no;yes;yes;yes;yes;no
83;positive;farrow.to.finisher;medium;no;no;yes;no;yes;yes;yes;yes;yes;no
84;negative;farrow.to.finisher;medium;yes;yes;yes;yes;no;yes;yes;yes;yes;no
85;negative;weaner.to.finisher;small;no;no;yes;no;no;yes;yes;yes;no;no
86;positive;farrow.to.finisher;medium;no;no;yes;no;yes;yes;yes;no;yes;no
87;positive;grower.to.finisher;medium;yes;yes;yes;no;no;yes;yes;yes;yes;no
88;positive;weaner.to.finisher;large;yes;yes;yes;no;no;yes;yes;yes;yes;no
89;positive;grower.to.finisher;large;yes;yes;yes;no;yes;yes;yes;yes;yes;no
90;positive;grower.to.finisher;large;yes;yes;yes;no;yes;yes;yes;yes;yes;no
91;positive;grower.to.finisher;large;yes;yes;yes;yes;no;yes;yes;yes;yes;no
92;positive;grower.to.finisher;large;yes;yes;yes;no;no;yes;yes;yes;yes;no
93;positive;weaner.to.finisher;large;yes;yes;yes;no;no;yes;yes;yes;yes;no
94;positive;grower.to.finisher;huge;yes;yes;yes;yes;no;yes;yes;yes;yes;no
95;positive;grower.to.finisher;large;no;yes;yes;no;no;yes;yes;yes;yes;no
96;negative;farrow.to.finisher;medium;no;no;yes;yes;yes;no;yes;no;yes;no
97;positive;grower.to.finisher;large;yes;yes;yes;yes;no;yes;yes;yes;yes;no
98;negative;farrow.to.finisher;small;yes;no;yes;no;yes;no;no;no;yes;no
99;positive;farrow.to.finisher;medium;no;no;yes;no;yes;no;no;no;yes;no
100;negative;grower.to.finisher;small;no;yes;yes;no;no;yes;yes;no;no;no
101;negative;farrow.to.finisher;medium;yes;no;yes;no;yes;yes;yes;yes;yes;no
102;negative;grower.to.finisher;small;no;yes;yes;no;yes;yes;yes;yes;yes;no
103;negative;farrow.to.finisher;small;no;no;yes;no;yes;no;no;no;yes;no
104;negative;grower.to.finisher;large;yes;yes;yes;yes;yes;yes;yes;yes;yes;no
105;negative;weaner.to.finisher;small;yes;yes;yes;no;yes;yes;yes;yes;no;no
106;negative;farrow.to.finisher;medium;no;yes;yes;no;yes;yes;yes;yes;yes;no
107;negative;grower.to.finisher;small;yes;yes;yes;yes;yes;yes;yes;yes;yes;no
108;negative;grower.to.finisher;medium;no;yes;yes;no;yes;yes;yes;yes;yes;no
109;negative;grower.to.finisher;large;yes;yes;yes;yes;no;yes;yes;yes;yes;no
110;positive;grower.to.finisher;large;yes;yes;yes;no;yes;no;no;no;yes;no
111;positive;grower.to.finisher;medium;no;yes;yes;no;no;yes;yes;yes;yes;no
112;positive;farrow.to.finisher;medium;yes;yes;yes;no;yes;no;no;no;yes;no
113;positive;grower.to.finisher;large;yes;yes;yes;no;no;yes;yes;yes;yes;no
114;positive;grower.to.finisher;medium;yes;yes;yes;yes;yes;yes;yes;yes;yes;no
115;positive;farrow.to.finisher;small;yes;no;yes;yes;yes;yes;yes;yes;yes;no
116;negative;weaner.to.finisher;medium;yes;yes;yes;no;no;no;no;no;yes;no
117;positive;grower.to.finisher;large;yes;yes;yes;yes;no;yes;yes;yes;yes;no
118;negative;farrow.to.finisher;small;no;no;yes;no;no;yes;yes;yes;yes;no
119;positive;grower.to.finisher;medium;yes;yes;yes;no;no;yes;yes;yes;yes;no
120;positive;farrow.to.finisher;medium;no;no;yes;no;no;yes;yes;yes;yes;no
121;negative;farrow.to.finisher;large;no;no;yes;no;yes;no;yes;no;yes;no
122;negative;farrow.to.finisher;medium;yes;no;yes;no;yes;no;no;no;yes;no
123;negative;farrow.to.finisher;small;yes;yes;yes;no;yes;no;no;no;yes;no
124;negative;farrow.to.finisher;small;no;no;yes;no;yes;no;no;no;yes;no
125;negative;farrow.to.finisher;small;no;no;yes;no;no;no;no;no;no;no
126;negative;farrow.to.finisher;small;yes;no;yes;no;yes;yes;yes;yes;yes;no
127;positive;grower.to.finisher;medium;no;yes;yes;no;yes;no;no;no;yes;no
128;negative;grower.to.finisher;small;yes;yes;yes;no;no;no;no;no;yes;no
129;positive;grower.to.finisher;small;no;yes;yes;no;no;no;no;no;yes;no
130;positive;grower.to.finisher;large;yes;yes;yes;no;no;yes;yes;yes;yes;no
131;positive;grower.to.finisher;small;yes;yes;yes;no;yes;no;no;no;yes;no
132;positive;grower.to.finisher;large;yes;yes;yes;no;no;yes;yes;yes;yes;no
133;negative;grower.to.finisher;large;yes;yes;yes;no;no;yes;yes;yes;yes;no
134;negative;grower.to.finisher;large;yes;yes;yes;yes;no;yes;yes;yes;yes;no
135;negative;grower.to.finisher;large;no;yes;yes;yes;no;yes;yes;yes;yes;no
136;negative;grower.to.finisher;huge;yes;yes;yes;yes;no;yes;yes;yes;yes;no
137;negative;grower.to.finisher;small;no;yes;yes;yes;no;no;no;no;yes;no
138;negative;grower.to.finisher;small;yes;yes;yes;no;yes;no;no;no;yes;no
139;negative;farrow.to.finisher;small;yes;no;yes;yes;yes;no;no;no;yes;no
140;negative;weaner.to.finisher;medium;yes;yes;yes;no;no;yes;yes;yes;yes;no
141;negative;farrow.to.finisher;medium;no;no;yes;yes;yes;no;no;no;yes;no
142;negative;grower.to.finisher;medium;yes;yes;yes;no;no;yes;yes;yes;yes;no
143;negative;grower.to.finisher;small;yes;yes;yes;no;no;yes;yes;yes;yes;no
144;positive;weaner.to.finisher;large;yes;yes;yes;no;no;yes;yes;yes;yes;no
145;negative;grower.to.finisher;medium;no;yes;yes;no;yes;yes;yes;no;yes;no
146;negative;farrow.to.finisher;small;no;no;yes;yes;no;no;no;no;no;no
147;negative;grower.to.finisher;small;no;yes;yes;no;no;no;no;no;yes;no
148;negative;grower.to.finisher;small;no;yes;yes;yes;yes;no;no;no;yes;no
149;positive;grower.to.finisher;small;yes;yes;yes;no;yes;yes;yes;yes;yes;no
150;negative;farrow.to.finisher;small;no;no;yes;yes;yes;no;no;no;yes;no
151;negative;farrow.to.finisher;small;yes;yes;yes;no;yes;no;no;no;yes;no
152;negative;farrow.to.finisher;small;no;no;yes;no;no;no;no;no;yes;no
153;positive;grower.to.finisher;small;no;yes;yes;yes;no;yes;yes;yes;yes;no
154;positive;grower.to.finisher;large;no;yes;yes;no;yes;yes;yes;no;yes;no
155;positive;grower.to.finisher;large;yes;yes;yes;no;yes;yes;yes;yes;yes;no
156;positive;weaner.to.finisher;medium;yes;yes;yes;yes;yes;yes;yes;yes;yes;no
157;positive;grower.to.finisher;large;yes;yes;yes;no;no;yes;yes;yes;yes;no
158;positive;grower.to.finisher;medium;yes;yes;yes;no;yes;yes;yes;no;yes;no
159;positive;weaner.to.finisher;small;yes;yes;yes;no;yes;yes;yes;yes;yes;no
160;positive;grower.to.finisher;large;no;yes;yes;no;yes;yes;yes;no;yes;no
161;negative;grower.to.finisher;medium;yes;yes;yes;no;yes;yes;yes;yes;yes;no
162;negative;grower.to.finisher;large;no;yes;yes;no;yes;yes;yes;yes;yes;no
163;positive;grower.to.finisher;medium;yes;yes;yes;no;yes;yes;yes;yes;yes;no
164;positive;grower.to.finisher;large;yes;yes;yes;no;yes;yes;yes;yes;yes;no
165;positive;weaner.to.finisher;small;yes;yes;yes;no;yes;no;no;no;yes;no
166;positive;weaner.to.finisher;small;no;yes;no;yes;yes;no;no;no;yes;no
167;positive;grower.to.finisher;large;yes;yes;yes;no;no;yes;yes;yes;yes;no
168;positive;grower.to.finisher;medium;no;yes;yes;yes;yes;yes;yes;yes;no;no
169;negative;grower.to.finisher;medium;no;yes;yes;no;no;yes;yes;yes;yes;no
170;positive;grower.to.finisher;medium;no;yes;yes;no;yes;no;no;no;yes;no
171;negative;grower.to.finisher;large;yes;no;yes;no;yes;no;no;no;yes;no
172;negative;farrow.to.finisher;large;yes;no;yes;no;yes;yes;yes;yes;yes;no
173;negative;weaner.to.finisher;small;no;yes;yes;no;yes;no;no;no;yes;no
174;positive;grower.to.finisher;large;yes;yes;yes;no;yes;yes;yes;no;yes;no
175;negative;farrow.to.finisher;medium;no;no;yes;no;yes;yes;yes;no;yes;no
176;negative;weaner.to.finisher;medium;yes;no;yes;no;no;yes;yes;no;yes;no
177;negative;grower.to.finisher;large;yes;yes;yes;yes;yes;yes;yes;yes;yes;no
178;positive;grower.to.finisher;medium;no;no;yes;no;no;no;no;no;yes;no
179;positive;grower.to.finisher;large;yes;yes;yes;no;no;yes;yes;yes;yes;no
180;negative;weaner.to.finisher;small;no;no;yes;no;yes;no;no;no;yes;no
181;negative;grower.to.finisher;large;no;yes;yes;no;no;yes;yes;no;yes;no
182;negative;grower.to.finisher;small;yes;yes;yes;yes;yes;no;no;no;no;no
183;negative;grower.to.finisher;small;no;yes;yes;no;no;no;no;no;no;yes
184;positive;grower.to.finisher;medium;yes;yes;yes;no;no;yes;yes;yes;yes;no
185;negative;grower.to.finisher;small;no;yes;yes;no;no;no;no;no;yes;no
186;negative;grower.to.finisher;small;yes;yes;yes;no;yes;yes;yes;no;yes;no
187;positive;grower.to.finisher;large;no;no;yes;no;no;yes;yes;yes;yes;no
188;positive;grower.to.finisher;large;no;yes;yes;no;yes;yes;yes;yes;yes;no
189;negative;grower.to.finisher;medium;no;yes;yes;yes;no;yes;yes;yes;yes;no
190;negative;grower.to.finisher;small;yes;yes;yes;no;yes;no;no;no;yes;no
191;positive;grower.to.finisher;large;no;yes;yes;no;yes;yes;yes;yes;yes;no
192;negative;farrow.to.finisher;large;yes;no;yes;yes;no;no;no;no;yes;no
193;negative;grower.to.finisher;large;no;no;yes;no;no;yes;yes;yes;yes;no
194;negative;grower.to.finisher;large;yes;yes;yes;no;no;yes;yes;yes;yes;no
195;negative;grower.to.finisher;large;yes;yes;yes;yes;no;yes;yes;yes;no;no
196;negative;grower.to.finisher;large;no;no;yes;no;no;yes;yes;yes;yes;no
197;negative;farrow.to.finisher;large;no;no;yes;no;no;yes;yes;yes;yes;no
198;negative;grower.to.finisher;large;no;yes;yes;no;no;yes;yes;yes;yes;no
199;negative;grower.to.finisher;medium;no;yes;yes;yes;yes;no;no;no;no;no
200;negative;farrow.to.finisher;large;yes;no;yes;no;no;yes;yes;yes;yes;no
201;negative;grower.to.finisher;small;yes;yes;yes;no;yes;yes;yes;yes;yes;no
202;positive;grower.to.finisher;large;no;yes;yes;no;yes;yes;yes;yes;yes;no
203;negative;farrow.to.finisher;medium;yes;yes;yes;no;yes;no;no;no;yes;no
204;negative;farrow.to.finisher;small;no;no;yes;yes;no;no;no;no;yes;no
205;positive;weaner.to.finisher;medium;no;yes;yes;yes;yes;yes;yes;yes;yes;no
206;negative;grower.to.finisher;medium;yes;yes;yes;yes;yes;yes;yes;yes;yes;no
207;positive;grower.to.finisher;large;yes;yes;yes;yes;yes;yes;yes;no;yes;no
208;positive;farrow.to.finisher;small;yes;no;yes;no;yes;yes;yes;yes;yes;no
209;positive;grower.to.finisher;small;no;yes;yes;no;yes;no;no;no;no;no
210;positive;grower.to.finisher;medium;no;yes;yes;no;no;no;no;no;yes;no
211;negative;grower.to.finisher;medium;no;yes;yes;yes;yes;no;no;no;yes;no
212;positive;weaner.to.finisher;small;yes;yes;yes;no;yes;yes;yes;yes;yes;no
213;positive;grower.to.finisher;huge;yes;yes;yes;yes;no;yes;yes;yes;yes;no
214;negative;grower.to.finisher;large;no;yes;yes;no;yes;yes;yes;no;yes;no
215;negative;grower.to.finisher;medium;yes;yes;yes;yes;yes;yes;yes;yes;yes;no
216;negative;grower.to.finisher;medium;yes;yes;yes;no;yes;yes;yes;yes;yes;no
217;negative;grower.to.finisher;large;yes;yes;yes;no;yes;yes;yes;yes;yes;no
218;negative;grower.to.finisher;small;yes;yes;yes;no;yes;yes;yes;no;yes;no
219;negative;weaner.to.finisher;large;yes;yes;yes;yes;yes;no;no;no;yes;no
220;positive;farrow.to.finisher;medium;no;no;yes;no;no;no;no;no;yes;no
221;negative;grower.to.finisher;medium;yes;yes;yes;yes;yes;no;no;no;yes;no
222;positive;grower.to.finisher;large;yes;yes;yes;no;yes;yes;yes;yes;yes;no
223;positive;grower.to.finisher;large;no;yes;yes;no;yes;yes;yes;yes;yes;no
224;negative;grower.to.finisher;medium;no;yes;yes;yes;no;yes;yes;yes;yes;no
225;negative;farrow.to.finisher;medium;yes;no;yes;yes;yes;yes;yes;yes;yes;no
226;negative;farrow.to.finisher;small;no;no;yes;no;no;yes;yes;yes;yes;no
227;positive;grower.to.finisher;medium;yes;yes;yes;no;no;yes;yes;yes;yes;no
228;negative;grower.to.finisher;huge;yes;yes;yes;no;yes;yes;yes;yes;yes;no
229;negative;grower.to.finisher;small;no;yes;yes;yes;yes;no;no;no;yes;no
230;negative;farrow.to.finisher;large;no;no;yes;yes;yes;yes;yes;yes;yes;no
231;positive;farrow.to.finisher;medium;no;no;yes;no;yes;no;no;no;yes;no
232;positive;weaner.to.finisher;small;yes;yes;yes;no;yes;yes;yes;yes;yes;no
233;positive;grower.to.finisher;medium;yes;yes;yes;no;yes;yes;yes;yes;yes;no
234;positive;grower.to.finisher;small;no;yes;yes;no;no;yes;yes;yes;yes;no
235;positive;grower.to.finisher;medium;yes;yes;yes;no;no;yes;yes;yes;yes;no
236;positive;grower.to.finisher;large;yes;yes;yes;no;yes;no;no;no;yes;no
237;positive;grower.to.finisher;large;no;yes;yes;no;no;no;no;no;yes;no
238;positive;grower.to.finisher;large;yes;yes;yes;no;yes;yes;yes;yes;yes;no
239;positive;weaner.to.finisher;large;yes;yes;yes;yes;yes;no;no;no;yes;no
240;positive;grower.to.finisher;medium;yes;yes;yes;no;yes;no;no;no;yes;no
241;negative;grower.to.finisher;medium;yes;yes;yes;yes;yes;yes;yes;yes;yes;no
242;positive;grower.to.finisher;medium;no;yes;yes;no;yes;yes;yes;yes;yes;no
243;positive;grower.to.finisher;medium;no;yes;yes;no;yes;yes;yes;yes;yes;no
244;positive;grower.to.finisher;large;no;yes;yes;yes;no;yes;yes;no;yes;no
245;negative;grower.to.finisher;large;yes;yes;yes;no;no;yes;yes;yes;yes;no
246;positive;grower.to.finisher;medium;yes;yes;yes;no;yes;no;no;no;yes;no
247;positive;grower.to.finisher;medium;yes;yes;yes;no;yes;no;no;no;yes;no
248;positive;grower.to.finisher;large;yes;yes;yes;no;yes;no;no;no;yes;no
249;negative;farrow.to.finisher;small;no;no;yes;no;yes;no;no;no;yes;no
250;positive;grower.to.finisher;medium;yes;yes;yes;yes;yes;yes;yes;yes;yes;no
251;positive;farrow.to.finisher;small;no;yes;yes;no;yes;no;no;no;yes;no
252;positive;grower.to.finisher;medium;no;yes;yes;no;yes;yes;yes;yes;yes;no
253;positive;farrow.to.finisher;medium;no;no;yes;no;yes;no;no;no;yes;no
254;negative;grower.to.finisher;small;no;yes;yes;no;yes;yes;yes;no;yes;no
255;negative;grower.to.finisher;medium;no;yes;yes;no;yes;yes;yes;yes;yes;no
256;negative;farrow.to.finisher;small;no;no;yes;no;yes;no;no;no;yes;no
257;negative;farrow.to.finisher;small;yes;no;yes;no;yes;no;no;no;yes;no
258;negative;grower.to.finisher;medium;no;yes;yes;no;yes;no;no;no;yes;no
259;negative;grower.to.finisher;small;no;no;yes;no;no;no;no;no;yes;no
260;negative;farrow.to.finisher;small;no;no;no;yes;yes;no;no;no;no;yes
261;positive;grower.to.finisher;medium;yes;yes;yes;no;yes;no;no;no;yes;no
262;positive;grower.to.finisher;medium;no;yes;yes;no;yes;yes;yes;yes;yes;no
263;positive;grower.to.finisher;large;yes;yes;yes;no;yes;yes;yes;yes;yes;no
264;negative;grower.to.finisher;large;yes;yes;yes;no;no;yes;yes;yes;yes;no
265;negative;farrow.to.finisher;medium;yes;yes;yes;no;yes;yes;yes;yes;yes;no
266;positive;grower.to.finisher;large;yes;yes;yes;no;yes;yes;yes;yes;yes;no
267;positive;weaner.to.finisher;large;no;yes;yes;yes;yes;yes;yes;no;yes;no
268;positive;weaner.to.finisher;large;yes;yes;yes;yes;yes;yes;yes;yes;yes;no
269;positive;weaner.to.finisher;small;no;no;yes;yes;yes;no;no;no;yes;no
270;positive;weaner.to.finisher;medium;yes;yes;yes;no;no;yes;yes;yes;yes;no
271;negative;grower.to.finisher;huge;yes;yes;yes;no;yes;yes;yes;yes;yes;no
272;positive;farrow.to.finisher;medium;no;no;yes;no;yes;yes;yes;yes;yes;no
273;positive;grower.to.finisher;medium;yes;yes;yes;no;no;yes;yes;yes;yes;no
274;positive;grower.to.finisher;huge;yes;yes;yes;no;yes;yes;yes;yes;yes;no
275;positive;grower.to.finisher;small;no;yes;yes;yes;yes;no;no;no;yes;no
276;negative;farrow.to.finisher;small;no;no;yes;no;yes;yes;yes;yes;yes;no
277;negative;farrow.to.finisher;medium;no;no;yes;yes;yes;yes;yes;yes;yes;no
278;negative;grower.to.finisher;large;yes;yes;yes;no;yes;yes;yes;yes;yes;no
279;positive;grower.to.finisher;small;yes;yes;yes;yes;yes;yes;yes;yes;yes;no
280;negative;grower.to.finisher;small;no;yes;yes;yes;yes;yes;yes;no;yes;no
281;positive;farrow.to.finisher;large;yes;no;yes;no;no;yes;yes;yes;yes;no
282;positive;weaner.to.finisher;medium;yes;no;yes;no;yes;yes;yes;yes;yes;no
283;positive;grower.to.finisher;medium;yes;yes;yes;no;yes;yes;yes;yes;yes;no
284;positive;grower.to.finisher;large;yes;yes;yes;no;yes;yes;yes;yes;yes;no
285;positive;grower.to.finisher;medium;no;yes;yes;no;no;yes;yes;yes;yes;no
286;positive;weaner.to.finisher;small;no;no;yes;no;yes;no;no;no;yes;no
287;positive;grower.to.finisher;small;no;yes;yes;no;yes;no;no;no;yes;no
288;negative;grower.to.finisher;medium;no;yes;yes;yes;yes;yes;yes;yes;yes;no
289;positive;grower.to.finisher;medium;yes;yes;yes;no;no;yes;yes;yes;yes;no
290;negative;grower.to.finisher;large;yes;yes;yes;no;no;yes;yes;yes;yes;no
291;positive;grower.to.finisher;large;yes;yes;yes;no;no;yes;yes;yes;yes;no
292;positive;grower.to.finisher;large;yes;yes;yes;no;no;yes;yes;yes;yes;no
293;positive;grower.to.finisher;large;no;yes;yes;no;no;yes;yes;yes;yes;no
294;positive;grower.to.finisher;large;no;yes;yes;no;no;yes;yes;yes;yes;no
295;positive;grower.to.finisher;large;no;yes;yes;no;no;yes;yes;yes;yes;no
296;positive;grower.to.finisher;medium;yes;yes;yes;no;yes;yes;yes;yes;yes;no
297;positive;grower.to.finisher;large;yes;yes;yes;no;yes;yes;yes;yes;yes;no
298;positive;grower.to.finisher;medium;yes;yes;yes;no;yes;yes;yes;yes;yes;no
299;positive;grower.to.finisher;medium;yes;yes;yes;no;no;yes;yes;yes;yes;no
300;positive;grower.to.finisher;medium;yes;yes;yes;no;yes;yes;yes;yes;yes;no
301;positive;grower.to.finisher;large;yes;yes;yes;yes;yes;yes;yes;yes;no;no
302;negative;grower.to.finisher;small;yes;yes;yes;no;yes;no;no;no;no;no
303;positive;farrow.to.finisher;large;yes;yes;yes;no;no;yes;yes;yes;yes;no
304;positive;grower.to.finisher;large;yes;yes;yes;no;yes;yes;yes;yes;yes;no
305;positive;grower.to.finisher;large;yes;yes;yes;no;no;no;no;no;yes;no
306;positive;grower.to.finisher;large;no;yes;yes;no;yes;yes;yes;yes;yes;no
307;positive;grower.to.finisher;medium;no;yes;yes;no;yes;yes;yes;no;yes;no
308;positive;grower.to.finisher;medium;no;yes;yes;no;yes;yes;yes;yes;yes;no
309;positive;grower.to.finisher;large;yes;yes;yes;no;yes;yes;yes;yes;yes;no
310;positive;grower.to.finisher;large;no;yes;yes;no;no;no;no;no;yes;no
311;positive;farrow.to.finisher;large;yes;yes;yes;no;no;yes;yes;yes;yes;no
312;positive;grower.to.finisher;medium;yes;yes;yes;no;no;no;no;no;yes;no
313;negative;grower.to.finisher;medium;yes;yes;yes;no;no;yes;yes;yes;yes;no
314;negative;grower.to.finisher;small;yes;yes;yes;no;no;yes;yes;yes;yes;no
315;positive;farrow.to.finisher;small;yes;no;yes;no;yes;no;no;no;yes;no
316;positive;grower.to.finisher;large;yes;yes;yes;yes;no;yes;yes;yes;yes;no
317;negative;grower.to.finisher;large;yes;yes;yes;yes;yes;yes;yes;yes;yes;no
318;negative;grower.to.finisher;medium;no;yes;yes;no;no;yes;yes;yes;yes;no
319;negative;farrow.to.finisher;small;no;yes;yes;yes;yes;no;no;no;no;no
320;positive;weaner.to.finisher;small;no;yes;yes;no;yes;no;no;no;no;no
321;positive;grower.to.finisher;large;yes;yes;yes;yes;no;yes;yes;yes;yes;no
322;positive;grower.to.finisher;large;yes;yes;yes;no;no;no;no;no;yes;no
323;positive;weaner.to.finisher;large;yes;no;yes;no;yes;yes;yes;yes;yes;no
324;negative;weaner.to.finisher;small;no;no;yes;no;no;yes;yes;yes;yes;no
325;positive;grower.to.finisher;medium;no;yes;yes;no;no;yes;yes;yes;yes;no
326;negative;farrow.to.finisher;small;no;no;no;yes;yes;no;no;no;no;no
327;positive;grower.to.finisher;huge;no;yes;yes;no;no;yes;yes;yes;yes;no
328;negative;farrow.to.finisher;large;yes;no;yes;no;no;yes;yes;yes;yes;no
329;negative;farrow.to.finisher;small;no;no;yes;no;no;yes;yes;yes;yes;no
330;negative;farrow.to.finisher;small;no;no;yes;yes;yes;no;no;no;no;no
331;negative;farrow.to.finisher;small;no;no;yes;yes;yes;no;no;no;no;no
332;negative;grower.to.finisher;huge;yes;yes;yes;no;yes;yes;yes;yes;yes;no
333;negative;grower.to.finisher;huge;yes;no;yes;no;yes;yes;yes;yes;yes;no
334;positive;weaner.to.finisher;large;yes;yes;yes;no;yes;yes;yes;yes;yes;no
335;negative;farrow.to.finisher;medium;no;yes;yes;yes;yes;yes;yes;yes;yes;no
336;negative;weaner.to.finisher;large;yes;yes;yes;no;no;yes;yes;yes;yes;no
337;negative;weaner.to.finisher;large;no;yes;yes;no;yes;yes;yes;yes;yes;no
338;positive;grower.to.finisher;small;no;yes;yes;yes;yes;yes;yes;no;no;no
339;negative;grower.to.finisher;large;yes;yes;yes;no;no;yes;yes;yes;yes;no
340;negative;grower.to.finisher;huge;no;yes;yes;no;no;yes;no;no;yes;no
341;negative;weaner.to.finisher;small;no;yes;yes;no;no;no;no;no;no;no
342;negative;grower.to.finisher;small;no;yes;yes;no;no;no;no;no;yes;no
343;negative;grower.to.finisher;large;no;yes;yes;no;no;yes;yes;yes;yes;no
344;positive;weaner.to.finisher;large;yes;no;yes;no;no;yes;yes;yes;yes;no
345;positive;grower.to.finisher;large;yes;no;yes;no;no;yes;yes;yes;yes;no
346;positive;farrow.to.finisher;large;yes;no;yes;no;yes;yes;yes;yes;yes;no
347;negative;weaner.to.finisher;large;yes;yes;yes;no;no;yes;yes;yes;yes;no
348;positive;grower.to.finisher;huge;yes;no;yes;no;no;yes;yes;yes;yes;no
349;positive;farrow.to.finisher;large;no;no;yes;no;no;no;no;no;yes;no
350;negative;farrow.to.finisher;large;no;no;yes;yes;no;no;no;no;yes;no
351;negative;weaner.to.finisher;small;no;yes;yes;yes;yes;yes;yes;yes;no;no
352;positive;grower.to.finisher;medium;yes;yes;yes;no;no;yes;yes;yes;yes;no
353;negative;farrow.to.finisher;small;no;no;yes;no;yes;no;no;no;yes;no
354;negative;farrow.to.finisher;small;no;no;yes;yes;yes;no;no;no;no;no
355;positive;grower.to.finisher;large;no;yes;yes;no;yes;yes;yes;yes;yes;no
356;positive;weaner.to.finisher;large;yes;yes;yes;no;yes;yes;yes;yes;yes;no
357;positive;grower.to.finisher;large;yes;yes;yes;no;no;yes;yes;yes;yes;no
358;positive;farrow.to.finisher;large;no;no;yes;no;no;yes;yes;yes;yes;no
359;positive;grower.to.finisher;huge;yes;yes;yes;yes;yes;yes;yes;yes;yes;no
360;positive;farrow.to.finisher;large;yes;no;yes;no;no;yes;yes;yes;yes;no
361;positive;grower.to.finisher;huge;no;yes;yes;no;no;yes;yes;yes;yes;no
362;positive;farrow.to.finisher;huge;yes;no;yes;no;no;yes;yes;yes;yes;no
363;negative;farrow.to.finisher;large;no;no;yes;no;no;yes;yes;yes;yes;no
364;negative;farrow.to.finisher;large;yes;no;yes;no;yes;yes;yes;yes;yes;no
365;positive;grower.to.finisher;large;yes;yes;yes;no;yes;yes;yes;yes;yes;no
366;positive;grower.to.finisher;medium;yes;yes;yes;yes;yes;yes;yes;yes;yes;no
367;positive;grower.to.finisher;large;yes;yes;yes;no;yes;yes;yes;yes;yes;no
368;positive;grower.to.finisher;large;yes;yes;yes;no;yes;yes;yes;yes;yes;no
369;positive;grower.to.finisher;large;yes;yes;yes;yes;yes;yes;yes;yes;yes;no
370;positive;grower.to.finisher;large;yes;yes;yes;no;yes;yes;yes;yes;yes;no
371;positive;grower.to.finisher;medium;yes;yes;yes;no;yes;yes;yes;yes;yes;no
372;negative;grower.to.finisher;small;no;yes;no;yes;yes;no;no;no;no;yes
373;positive;grower.to.finisher;small;no;yes;no;no;yes;no;yes;no;no;yes
374;positive;grower.to.finisher;small;no;yes;no;no;yes;no;no;no;yes;yes
375;negative;grower.to.finisher;small;no;yes;yes;no;yes;no;yes;no;no;yes
376;negative;grower.to.finisher;small;no;yes;no;no;yes;no;yes;no;no;yes
377;negative;grower.to.finisher;small;no;yes;no;yes;yes;no;no;no;yes;yes
378;negative;grower.to.finisher;small;no;yes;no;yes;yes;no;no;no;no;yes
379;positive;grower.to.finisher;large;yes;yes;no;no;yes;no;yes;yes;no;yes
380;negative;grower.to.finisher;small;no;yes;no;yes;yes;yes;yes;no;no;yes
381;negative;grower.to.finisher;small;no;yes;no;no;no;no;yes;yes;no;yes
382;negative;grower.to.finisher;medium;no;yes;no;no;yes;no;yes;yes;no;yes
383;negative;grower.to.finisher;medium;no;yes;yes;no;yes;no;yes;yes;no;yes
384;negative;grower.to.finisher;small;no;yes;no;no;yes;no;yes;no;no;yes
385;negative;grower.to.finisher;small;no;yes;no;yes;yes;no;yes;no;no;yes
386;negative;grower.to.finisher;small;no;yes;yes;no;no;yes;yes;yes;no;yes
387;positive;grower.to.finisher;small;no;yes;yes;yes;yes;no;yes;no;no;yes
388;negative;grower.to.finisher;large;no;yes;yes;yes;no;no;yes;no;no;yes
389;positive;grower.to.finisher;large;no;yes;yes;no;yes;yes;yes;yes;no;yes
390;negative;farrow.to.finisher;small;no;no;no;yes;yes;no;no;no;yes;yes
391;positive;farrow.to.finisher;small;yes;no;yes;no;yes;yes;yes;yes;yes;no
392;negative;farrow.to.finisher;medium;yes;yes;yes;yes;yes;yes;yes;yes;yes;no
393;positive;farrow.to.finisher;large;no;no;yes;no;no;yes;yes;yes;yes;no
394;negative;farrow.to.finisher;medium;yes;no;yes;no;no;yes;yes;yes;yes;no
395;negative;farrow.to.finisher;large;no;no;yes;yes;yes;yes;yes;yes;yes;no
396;positive;grower.to.finisher;large;yes;yes;no;no;no;yes;yes;yes;yes;no
397;positive;farrow.to.finisher;large;no;no;yes;no;yes;yes;yes;yes;yes;no
398;positive;farrow.to.finisher;large;no;no;yes;no;yes;yes;yes;yes;yes;no
399;negative;farrow.to.finisher;large;no;no;yes;no;yes;yes;yes;yes;yes;no
400;negative;farrow.to.finisher;medium;no;no;yes;no;no;yes;yes;yes;yes;no
